avg_key_interval,pause_count,typing_speed,emotion
50.23090158520939,1,109.69423653913725,Happy
225.04068130326303,0,80.6510295079875,Happy
258.83636196926875,1,116.10025746832568,Happy
91.67594939487599,0,79.93552269355243,Happy
186.1182391629136,0,119.15776749766722,Happy
180.30738783447524,1,111.39367526500378,Happy
295.48209859817644,1,73.52636800708241,Happy
89.25179072409496,0,77.80683282447265,Happy
184.06556647701083,0,111.22147545814596,Happy
135.35807813554356,0,97.29086405237648,Happy
270.24069807526155,0,75.64153168819742,Happy
274.8910105730427,1,79.55179588469444,Happy
251.57431133457263,0,111.3090577331649,Happy
286.86968449787184,1,78.80291406587332,Happy
223.951341897712,0,90.86608123980444,Happy
166.74152887399998,1,79.01806435246795,Happy
99.98143523449203,0,94.86168354044398,Happy
232.2363445835616,0,85.28771983206042,Happy
93.74041850925836,0,104.62323514983466,Happy
289.83869927315743,1,102.38623734943198,Happy
104.28228936496978,0,111.7632362621473,Happy
145.19989032701193,1,118.24731707896284,Happy
196.91280145428294,0,91.42553826822294,Happy
59.909727009143836,0,85.99738514651001,Happy
280.6955457747582,1,90.12928792950991,Happy
236.66876880416137,0,94.23716037733553,Happy
144.85236803016298,1,73.41210821932938,Happy
189.64664303588737,0,86.46778635796383,Happy
188.33890113243882,1,76.67240745053375,Happy
224.34400532026004,1,90.1807202125033,Happy
260.4276525954098,0,72.76160776797931,Happy
158.11558608369364,1,77.11400098515723,Happy
79.20647414313684,0,105.31407281406129,Happy
175.20016286218703,1,88.36694762346727,Happy
113.76078744231279,0,71.69754194883598,Happy
283.92070334369635,0,72.31577615477241,Happy
269.1091531545203,1,70.41865393790533,Happy
116.8130179585833,1,84.83764303938628,Happy
149.23723541961166,0,118.6874903631022,Happy
105.92153373209092,0,93.64185817497106,Happy
89.05299685865646,1,76.41823890739565,Happy
126.79842237601939,0,75.02501567985895,Happy
160.38235931153056,1,117.74563704561348,Happy
100.82150849756451,1,113.7983121170162,Happy
66.20660542590812,0,72.00745426750093,Happy
244.9291388195508,0,107.3560849929824,Happy
245.19764307393717,1,75.12635523935599,Happy
89.87336749530179,0,115.62301818647447,Happy
290.31290151948537,1,108.45127674130124,Happy
96.32648021098629,1,118.93213826314286,Happy
117.50323001666645,1,77.18332683659933,Happy
78.85028173526352,1,84.68905083464884,Happy
205.21936290685244,1,105.37094599927696,Happy
291.0147609820431,1,99.32581688530094,Happy
211.48729752238225,0,87.86693902948856,Happy
273.3591066043697,0,94.58237979550218,Happy
118.27439730787349,0,106.48294131019172,Happy
212.84633171987207,1,85.32730184669511,Happy
172.01565530147172,0,106.89800016347542,Happy
176.426676687697,1,105.82251871388061,Happy
60.901400229513555,0,81.25681615488129,Happy
298.60371335074746,1,103.40432145119433,Happy
125.05735535751101,1,89.1331333448666,Happy
192.78775804633614,0,105.9094655689927,Happy
58.06255624475738,1,108.3857346548601,Happy
61.983855296965416,1,75.81929140619106,Happy
273.8434848293098,0,75.2449120619865,Happy
241.83989940866294,0,82.46982066100132,Happy
121.5636492836478,1,73.96276589973579,Happy
74.00433935630534,1,96.58253543285524,Happy
139.97422583094095,0,87.92650436534602,Happy
97.00942120529736,0,113.8834606454082,Happy
203.2747822710384,1,106.19309585668515,Happy
130.07845071938584,0,103.44783597985926,Happy
72.69936304414554,0,111.34809858011782,Happy
262.3923288564763,0,113.74932427061124,Happy
236.9603858917615,0,105.52399380823027,Happy
188.98038571743038,1,78.0737676340856,Happy
194.01662127069213,0,71.00593649241559,Happy
238.816234167022,0,94.31385637030131,Happy
217.8082831963017,1,109.53067265953516,Happy
245.82295037788077,1,78.20555497535655,Happy
204.2281866145759,1,84.86661587621032,Happy
130.36785605983098,1,115.80024562887445,Happy
257.1872279121833,1,74.43906077845368,Happy
183.5873040947414,1,97.49692848623765,Happy
295.2626078751259,1,101.99577955552434,Happy
241.75271261776413,0,110.91933438019936,Happy
132.53233257277742,1,93.9927597382123,Happy
277.7379210301201,1,77.67123224522639,Happy
261.8601259718216,0,82.76445655048421,Happy
299.511677615937,1,100.24090399413356,Happy
220.05049561326706,0,78.43788298740986,Happy
290.07741643989067,0,114.70285515392678,Happy
195.91493740095007,1,71.27931972334588,Happy
182.48248780556065,0,116.08442414836435,Happy
201.39277881642775,0,70.71135229333242,Happy
146.18188696720975,0,108.83197294752728,Happy
283.59182044571327,0,72.45782753609343,Happy
284.32395558051155,1,82.55915424529016,Happy
245.11196774652288,1,85.4328245941732,Happy
55.07209050651511,0,99.64296414211823,Happy
53.33017239395547,1,104.85040417835494,Happy
71.209789343443,0,103.34081199385665,Happy
221.68412199763574,0,84.44156575092045,Happy
138.1829698228766,1,117.28799276658822,Happy
159.60390433775115,0,87.57637704295914,Happy
228.71165490336136,0,71.17987352781476,Happy
192.106534812563,0,84.1339633119527,Happy
137.6823130197958,1,98.85322906578256,Happy
94.07690531641845,0,95.49967834664776,Happy
144.97987252466086,1,88.94069299278817,Happy
224.9248879955033,1,116.89165383040654,Happy
50.936493650700534,0,97.65454814369166,Happy
76.24057950109119,1,70.24223234976769,Happy
112.87072071006489,0,104.5596000609055,Happy
276.001574884747,0,84.80251749672075,Happy
220.47029584604974,0,112.93569727486667,Happy
261.01708842073856,0,91.41663924045548,Happy
274.0251186912353,1,101.90825959114986,Happy
86.17899361823291,1,112.86152028466131,Happy
216.8179520701147,1,91.85459913129912,Happy
90.06388873348408,1,99.61572928975772,Happy
225.8348003037681,0,90.47803061207722,Happy
57.10600776789236,1,109.30336774173739,Happy
125.64708602659772,1,94.6670631393214,Happy
273.80875617401784,0,75.80737338995088,Happy
220.2278786436929,0,109.14567704326691,Happy
147.6040440935847,0,86.44624260676434,Happy
73.9467113392201,0,75.40110897556083,Happy
100.92374940276207,0,70.91375424489284,Happy
136.26419594471798,0,83.09721797085322,Happy
62.51837036029494,0,113.0514296101384,Happy
177.16743758417175,1,85.0410022495985,Happy
127.76377469954312,0,102.28162391637301,Happy
136.4563066382991,0,86.05163148036402,Happy
248.1584755276777,0,98.57804055438586,Happy
194.44285514461768,0,83.23269374678367,Happy
262.9690233785576,1,98.01522819226268,Happy
282.3963474182099,1,98.12542496600298,Happy
75.60031885561206,1,88.6257997673381,Happy
257.1478806813468,0,78.72481805696194,Happy
187.89815352146272,1,84.12275808122294,Happy
242.4739621219406,0,88.16910290480449,Happy
223.2415080032814,1,99.98359834785506,Happy
61.95463520177464,1,93.95908457938067,Happy
277.26078270604506,1,71.63963263034366,Happy
248.45062119936736,1,94.65706517330497,Happy
140.0678684173961,0,75.69440760396527,Happy
127.51437601140258,1,76.07846790255707,Happy
143.93868965785327,0,107.0289405164097,Happy
177.0512662722594,0,96.76753346302418,Happy
181.2290019448782,1,97.19297850894597,Happy
177.8506604334442,1,102.50556690450759,Happy
205.52677575544092,1,95.5112732389859,Happy
145.42562452621246,1,94.95286532836028,Happy
110.67862569488,0,92.05046561027032,Happy
90.60273246793463,0,101.42524481418482,Happy
184.72709512712132,1,105.70841834309577,Happy
141.67606526312517,1,109.77080974820504,Happy
137.45659366480183,0,102.47829310072072,Happy
195.7322510023715,1,115.77586071047263,Happy
178.50898527312103,0,119.53075355265298,Happy
256.5855411313812,0,75.03412674226146,Happy
181.37466075237612,0,94.92597040077308,Happy
144.31070766419452,1,75.31464854652351,Happy
276.7580234384889,0,78.5839601171323,Happy
66.48043463266276,0,72.32774797206248,Happy
273.9988935221826,0,104.53532215864088,Happy
234.2410174999579,1,92.87174277405587,Happy
108.14901058036537,1,78.03748889760564,Happy
217.14261022106615,0,91.64983555611954,Happy
210.00821761984517,1,113.54896734281049,Happy
126.81782855176903,0,118.88490829299333,Happy
132.93695303206047,1,111.3009429821013,Happy
86.46750627741906,0,105.3844673299987,Happy
139.84709648130155,1,92.67786224771737,Happy
84.70140905055833,1,113.79474494339365,Happy
123.3800781037347,1,101.75674140919448,Happy
93.59012454706668,0,99.42634599459143,Happy
61.99474199013503,1,90.31021776009244,Happy
203.978583673218,0,105.85540483295784,Happy
285.18013473039923,0,87.5889646767475,Happy
173.6056959499544,0,75.85961138004811,Happy
152.1625282912899,0,83.46655517856189,Happy
202.35849526390152,0,112.25138243524734,Happy
125.29673642539616,0,106.27382584213173,Happy
103.49902708452092,0,98.74403503941785,Happy
255.03356992683493,0,93.80969166143794,Happy
135.41938732093487,1,104.674288272361,Happy
289.45745786752343,0,110.05098045398671,Happy
257.877219023394,1,76.6891917515006,Happy
92.26307953596783,0,95.80591006570756,Happy
151.4066319396456,0,89.40235801911041,Happy
177.76609502140985,0,88.44967404579822,Happy
283.143760086002,0,112.7155044484332,Happy
63.65048564035884,0,118.61445406138708,Happy
199.28327772592652,1,80.29340513617919,Happy
136.04093584635245,1,78.4840823748196,Happy
138.93705211777524,0,91.96115523906218,Happy
200.63309673086007,1,89.23608685937762,Happy
107.04659466181586,1,104.30741173114403,Happy
209.5634426098993,0,85.69502890588427,Happy
51.54479765660706,0,92.90667763397678,Happy
291.8845869321523,1,78.39716153916052,Happy
58.37479163244478,1,112.36901785638943,Happy
129.0253952097703,0,101.89476043388342,Happy
58.41717552564636,0,78.38488890426244,Happy
216.67573931244524,1,111.51886535533485,Happy
269.3949705377464,1,96.13861368790758,Happy
138.12792518151326,0,119.01134920676694,Happy
158.35951885435998,0,87.0265863743144,Happy
175.82818507072722,0,106.71515528425475,Happy
286.00909721484186,1,75.82826019088645,Happy
126.59351097479805,0,94.76861794929764,Happy
77.85264059585182,1,118.59204704993286,Happy
195.6085042660292,0,97.37297512092124,Happy
257.799554375532,0,101.51142493989846,Happy
143.7702146552999,1,96.85742634483171,Happy
219.31953824709288,1,77.36742993287014,Happy
160.5086536461323,1,100.54368882005613,Happy
175.12859359572644,1,113.70682359520144,Happy
186.51508082328294,0,100.25261625849475,Happy
52.97993803911048,0,88.84616974453861,Happy
181.29292596776583,1,82.90550916814445,Happy
224.0706250931042,1,93.96330035626531,Happy
217.45847422809695,1,77.40690176304098,Happy
237.68683348690624,1,86.2085345793972,Happy
241.241708513615,0,101.27192582691728,Happy
123.31098031302626,1,77.55623481974162,Happy
133.17371656019344,0,95.06357381606126,Happy
136.34380515943937,1,85.90986676954093,Happy
258.4239673929152,0,101.23606191888133,Happy
214.38994012450144,1,104.47702399580429,Happy
56.265252085808775,0,89.75541150656068,Happy
120.05835139934355,1,75.25929273070523,Happy
270.8106106326827,0,93.72565480294159,Happy
164.54339439479338,0,78.51138431774152,Happy
212.96833483142257,0,98.91895409420006,Happy
139.69327411362596,1,92.67969370485127,Happy
112.11295603487301,1,92.33558346569565,Happy
109.13889568293874,1,94.1130708581272,Happy
234.95347842694858,1,107.52568233184707,Happy
90.25604184142529,1,98.67938872728071,Happy
91.18251110138283,0,85.47519789570993,Happy
218.0728331578832,1,72.0327913484927,Happy
156.40547835386644,0,102.99259185331073,Happy
222.93686203196583,1,83.13300216007191,Happy
151.9628432187522,1,70.90937795473121,Happy
184.11926249842867,0,78.80064576701608,Happy
210.4677095643303,1,181.70548034711257,Calm
232.9377529811399,3,155.56236439242528,Calm
214.36821627686575,2,164.64108692745054,Calm
201.43279577175656,1,162.6097625202217,Calm
243.19795238233442,3,180.56904987530282,Calm
134.56588573241208,3,126.67517899092795,Calm
70.58574845768618,1,153.26451042803865,Calm
203.2659026553437,0,196.4599509856643,Calm
237.6807512418107,1,167.6525515895174,Calm
164.6241097209129,0,143.0837261951819,Calm
143.1033139457467,2,133.3439817637603,Calm
158.32292676905826,3,197.64795953450138,Calm
156.77963227954336,0,197.09187745564947,Calm
219.29366119427064,2,137.44209115496332,Calm
59.20319639810907,0,167.15085175542737,Calm
235.808078503702,0,183.39287729313384,Calm
91.22272170598171,0,194.83129340183652,Calm
96.8404551609391,0,126.25694992435064,Calm
273.99977025922453,1,147.40974701198098,Calm
109.8064515477613,1,163.87113350262896,Calm
96.48427266994187,0,146.98792818129087,Calm
278.78379371722474,0,168.74718596850497,Calm
170.92478926322673,1,128.84941114746056,Calm
162.8498680054836,3,132.21804227844086,Calm
92.62931710090155,3,164.97058713725312,Calm
295.9923770005769,0,187.27893690937702,Calm
253.92960478978543,0,127.62341864701463,Calm
84.7625580177585,3,120.05234598861801,Calm
98.46684195340909,0,181.3465134252815,Calm
69.67646976736305,0,188.90939764127572,Calm
289.43754166346,1,149.88634119834745,Calm
148.95343017127863,2,134.52695765631043,Calm
246.79399939034133,3,135.8666744397071,Calm
52.78768597665918,2,136.67569100931888,Calm
273.6010147943775,3,125.00257185387328,Calm
214.88775547856324,2,175.58100789682658,Calm
266.4468536362115,1,176.50909110517864,Calm
295.5572631859998,1,149.5184588008114,Calm
206.0200887325871,3,170.59580971790118,Calm
249.96798618333705,0,186.63409135308376,Calm
199.1599213585085,0,161.7149497835281,Calm
290.4183954067647,1,131.02787349521859,Calm
121.74232702025257,2,148.77740933915214,Calm
162.25979639217297,3,133.93971057233904,Calm
122.13577469658314,2,145.24256441466164,Calm
112.89056684782149,2,159.36486606358022,Calm
297.36662425927994,3,140.60325831538512,Calm
71.99422230177098,3,164.48771045996443,Calm
69.6151776791115,0,177.24743682262488,Calm
201.03634057645544,2,183.67862804638509,Calm
111.86010681880828,0,149.39295062072625,Calm
164.37674276022855,2,156.39339476616388,Calm
162.5487888830968,2,152.0739231938744,Calm
89.59035656024585,3,181.94945479702028,Calm
126.76951512869442,2,152.396767906325,Calm
288.5540247343474,3,163.0724704926623,Calm
55.557663909893236,3,139.95239356349086,Calm
71.57846913075173,0,195.1259323623132,Calm
208.1980624310698,0,163.53075912847996,Calm
241.9998989352598,1,142.46501161142731,Calm
119.73887232729314,2,150.0503749171709,Calm
181.60065116026422,3,164.354550548213,Calm
94.42201879705607,3,130.87618600020102,Calm
150.25878601566754,0,150.71048365360377,Calm
209.13685021612778,0,169.39632109036125,Calm
165.84725430818554,0,147.38387685261705,Calm
130.27156610413243,2,144.30028894305622,Calm
136.21380820322614,2,176.8286476487898,Calm
279.56997905743486,2,188.55285325001472,Calm
255.73711136655345,3,139.47089635423785,Calm
222.2272868410787,1,140.77780873465497,Calm
110.43951107733089,2,133.32370614007542,Calm
287.333989291399,1,175.7673965984042,Calm
134.483993402692,3,195.219795204769,Calm
178.90658956097025,2,139.0842802462494,Calm
179.8346369456468,0,120.18596933623574,Calm
197.36574438961918,2,182.76013928592317,Calm
192.44334768512567,3,179.71178520984003,Calm
192.68746538265256,0,135.9934367941752,Calm
200.28249998003525,3,183.3427344665998,Calm
75.52137097645682,3,147.04071033471752,Calm
257.85323863008136,3,148.66366375042492,Calm
251.06620316459592,0,192.84179216483238,Calm
243.20783594197658,3,133.08159155345857,Calm
159.46013779724075,3,153.79965581861777,Calm
118.03523798624234,0,165.5036851956333,Calm
140.51500791374426,1,190.5948145762269,Calm
120.30226542841126,1,162.09138885052806,Calm
233.4597814737321,0,130.33248521019382,Calm
149.4418112715981,1,176.24812389280243,Calm
287.21145734944565,2,167.8963521317607,Calm
249.22252246206284,3,166.4756236170826,Calm
232.28114128910346,0,171.11764424428216,Calm
59.8755420308759,1,138.5999827040329,Calm
147.88179674888005,1,199.72878321691076,Calm
290.49725636304447,0,157.5892950717548,Calm
229.34873152991733,2,182.2905434356726,Calm
280.2338265487082,3,157.83773556394334,Calm
105.87884186032527,1,133.7144050795909,Calm
165.76665173932184,3,164.58907716086543,Calm
239.59880220159872,2,122.81333049135344,Calm
164.67513935702178,3,135.1770849391175,Calm
282.0791696517217,0,195.04594575610042,Calm
158.38211580963977,2,126.14901063172123,Calm
243.6952185254555,2,176.6843999851293,Calm
63.09950355859499,0,155.78128745390362,Calm
133.33399295234335,3,155.4372123784583,Calm
295.2308861023205,1,142.04074214728266,Calm
292.8650747454345,0,137.23497886383467,Calm
115.6687032764775,1,158.24120725442563,Calm
174.0659248974734,2,144.78882108575405,Calm
127.83380188238984,3,166.71032409243494,Calm
169.54431829117024,1,180.81311224251814,Calm
187.05984545616317,3,191.7087919481388,Calm
97.21128806827451,0,197.91387227153328,Calm
145.5780871352791,3,175.74890675456322,Calm
102.87742164556208,0,183.31383043436108,Calm
127.98196829800602,0,188.6024763561227,Calm
55.51581652394831,3,162.9834058166929,Calm
163.06338169224605,2,161.06674031263418,Calm
66.40311116254372,1,145.5625303885116,Calm
84.67168448233772,3,187.30986745173308,Calm
94.31997876181234,3,170.09842506301095,Calm
174.83902429238236,1,132.37421349818936,Calm
188.30927884510757,0,159.93162772557156,Calm
218.1948162066779,2,137.16017001589347,Calm
261.1600417732084,0,193.36037849420637,Calm
88.39762315038578,0,126.50247594917167,Calm
281.8717465692869,3,156.84531154967505,Calm
74.630682943035,1,145.75434056712385,Calm
126.5613978647142,0,123.07927793863777,Calm
196.6586592116328,3,155.93136037599635,Calm
106.94221974394429,2,170.88804884773646,Calm
186.34603643242292,0,157.41401673208838,Calm
91.6098700715118,3,178.55207973246095,Calm
85.86735993081746,2,133.7431923679246,Calm
183.27984765420433,1,123.32651128631872,Calm
288.4715246369833,3,188.07961917093795,Calm
206.84193244142202,1,199.02681200429316,Calm
263.0712192010416,0,165.92376406027321,Calm
162.64367636362084,1,148.870513042258,Calm
298.4380379109508,2,166.35292019790796,Calm
138.88551776529718,1,146.18780516237214,Calm
82.60071745763135,3,126.06599596782188,Calm
85.20750135134523,0,187.23819578450025,Calm
119.01829638427704,0,165.86392948955483,Calm
203.66399807289295,2,187.39312483836295,Calm
73.55678380544796,3,136.25461177141918,Calm
251.70237722128434,2,192.22391373789247,Calm
146.60389131760846,3,127.16602962876004,Calm
116.58377642103738,1,199.17931970723828,Calm
253.19685744971915,1,134.4682838209338,Calm
203.5783971005841,1,128.77872877310205,Calm
59.94885847616375,0,188.4646673060651,Calm
188.27009562336215,3,189.1566674380271,Calm
76.0259073775324,0,154.2781510686011,Calm
246.84881503094823,3,124.12569148862099,Calm
83.31823215715977,2,157.0967607341396,Calm
80.89847417373612,3,154.12909734884684,Calm
257.2254324232278,1,190.19892305254842,Calm
195.91681680383408,2,187.51703022375028,Calm
172.0768472198485,0,132.99735337897835,Calm
249.24635930878955,3,162.563375270295,Calm
261.06982243649145,2,188.65887748362718,Calm
284.88231650243995,3,138.6084021511529,Calm
242.10211995179074,1,189.87145718902462,Calm
167.81750471878922,2,194.52138960080782,Calm
225.290356202952,3,198.69546504529043,Calm
194.213203363119,3,124.96847327931788,Calm
70.09819599576949,3,140.56961951252546,Calm
196.5071043621505,0,128.9288111471631,Calm
172.54048443292027,2,177.9988483236357,Calm
173.13058156412472,0,150.80964987284494,Calm
229.74322308627504,1,165.97236446958817,Calm
71.75651365122103,2,160.95857749913137,Calm
129.8137682293178,0,147.55606646659785,Calm
143.24563984109724,2,134.86377631891963,Calm
206.21333394828483,2,141.9029493013596,Calm
84.9602932659727,0,120.82649311095574,Calm
145.93117927089182,0,163.16386768911002,Calm
232.5245970954504,3,187.54855770952406,Calm
207.54063866057288,1,197.39610690181064,Calm
147.15251537813634,0,167.8389025701685,Calm
80.00412726468247,2,169.660992502411,Calm
269.8226050553301,0,184.29285045230932,Calm
149.36067930290966,2,173.6118994157423,Calm
246.20388271172237,2,182.0077087831424,Calm
97.15065806297366,2,198.55856668908038,Calm
149.7848447182161,3,188.3802057316181,Calm
274.54991105826537,0,190.11430112718674,Calm
80.58688153931836,1,130.7477592972621,Calm
117.60597591218742,2,167.18882091410802,Calm
214.29374117379825,2,151.21439919349544,Calm
254.94408277133724,1,196.6769182278427,Calm
295.0922068232748,0,130.2749350233274,Calm
294.8888876730424,0,148.83840705999387,Calm
282.6942446729098,3,199.70444837116506,Calm
89.25105837005604,0,186.49266833202296,Calm
250.17461469525855,0,178.90485724378564,Calm
137.4699077683221,0,141.0397584907897,Calm
53.062537765649104,2,124.74862477703292,Calm
221.9281841680244,3,186.4361213811536,Calm
187.9487684334918,0,197.66912706355907,Calm
195.32071200801468,2,162.4330658367463,Calm
243.39890393731838,3,127.05537035377677,Calm
161.8950445694881,0,161.36490900778142,Calm
273.11669880120166,2,154.51772894539383,Calm
51.31303432575874,3,181.24188214964602,Calm
171.38556132297896,0,145.17286457411348,Calm
265.09419614068094,1,173.70778465694605,Calm
100.59208312577564,1,192.85371426121964,Calm
267.11156554199744,3,199.50915175556395,Calm
102.96724600599,0,151.99932529749665,Calm
231.652656462748,3,137.69994060665422,Calm
185.93107467514974,2,180.67501142587648,Calm
234.86946838422529,2,185.95306298366265,Calm
168.05008104762203,0,143.86346731598135,Calm
231.8060601392502,3,171.25474057997957,Calm
247.99020913673456,3,143.16773689945515,Calm
186.1276166297317,3,181.42655324192322,Calm
285.319759291605,3,153.88713694332637,Calm
130.47601512084498,0,159.49338692291087,Calm
260.5878481926473,3,184.57361513635138,Calm
296.15276941673187,2,159.50534085927757,Calm
56.764628539423086,0,178.06264176665195,Calm
134.84528978732504,1,176.09999118611063,Calm
90.39825122628818,0,197.22653222039412,Calm
285.84516324377626,3,167.71865576923733,Calm
269.52176654545144,0,158.87369033102135,Calm
229.60780594064582,2,136.3302066434803,Calm
124.63607495465033,0,141.375167756809,Calm
63.99976320794791,0,193.31846777219823,Calm
217.9536279057455,1,130.36721449856088,Calm
146.54842859667053,0,143.10104304808985,Calm
55.99745516417613,0,191.72172125447605,Calm
62.58907551282634,1,121.82096674291026,Calm
288.0273481783937,2,122.03503956176836,Calm
202.77507981964314,0,147.21479698485757,Calm
84.10776690461684,2,147.51972864970568,Calm
274.916411024725,1,137.3090712127346,Calm
101.36123023885642,3,182.03777305688214,Calm
89.09553110784208,0,190.48393339450888,Calm
102.8656074889107,0,133.22649710538144,Calm
161.0976824421909,3,135.8817704343144,Calm
221.68298299237142,0,188.7759889588429,Calm
61.74119618213432,0,124.57871873694133,Calm
211.09844298979306,3,124.38908157120545,Calm
108.0883242607054,3,128.0417060561622,Calm
230.86702901056972,2,171.51897651429854,Calm
149.80251069050735,2,141.04008569162252,Calm
153.50408139227142,0,67.60943567487129,Stressed
263.4525153555384,0,62.502977474370745,Stressed
65.53736447444271,0,68.55765298928907,Stressed
242.18691958550278,0,31.364098201008627,Stressed
153.6715981095545,0,44.132655175244494,Stressed
247.44299338415044,0,65.72861538603507,Stressed
189.63762421784162,0,52.856690108227255,Stressed
296.6671438654048,0,68.61378009428122,Stressed
245.53927850576054,0,59.33807062840381,Stressed
249.8876649742681,0,47.35745211842256,Stressed
224.2939408726373,0,48.02707459992149,Stressed
104.0131443183521,0,40.777438674005,Stressed
203.45203583601787,0,61.96662333440238,Stressed
161.7427188690416,0,63.213929482366346,Stressed
298.53964384390804,0,52.34128236196054,Stressed
191.39439306814458,0,57.96965723877784,Stressed
126.08777422180765,0,67.29934783278844,Stressed
196.47489572151477,0,42.9281828565817,Stressed
211.4464352222022,0,40.2136930610735,Stressed
141.1856809804933,0,45.42442852058722,Stressed
99.41692646971322,0,63.803107877658164,Stressed
246.58195362660712,0,43.401510234343455,Stressed
152.3147606638825,0,39.57915831002351,Stressed
59.89356190543245,0,59.6355441991422,Stressed
61.61029793748375,0,33.71620645925439,Stressed
53.228962457041796,0,56.175926894173195,Stressed
54.02176135141219,0,64.8309484520336,Stressed
230.86894166940388,0,34.93834958753833,Stressed
176.65035696046988,0,60.35178453729809,Stressed
178.821850860668,0,55.94029909613698,Stressed
282.1864131954842,0,42.25340108098697,Stressed
297.47453714743426,0,45.1301122210656,Stressed
236.3460039489086,0,46.36512153039831,Stressed
227.27508990053417,0,40.2563650524087,Stressed
218.0368478763148,0,40.70001989783238,Stressed
83.42755729572339,0,39.393953003507846,Stressed
54.50094151528249,0,32.79926333544018,Stressed
126.35076436783508,0,50.84389440811778,Stressed
159.1130171591519,0,37.76029097184494,Stressed
71.79070865627932,0,51.55151351854758,Stressed
144.75729636643183,0,55.39404631039262,Stressed
236.48668075532268,0,31.974248665968087,Stressed
170.70634007198396,0,69.65881163033191,Stressed
73.65432219255803,0,64.62566289474297,Stressed
90.332623488668,0,34.93320687447391,Stressed
217.2131474387589,0,38.229940790150735,Stressed
53.610995767707124,0,39.37052474600351,Stressed
208.39003185629838,0,35.91484504636699,Stressed
58.53092161648483,0,44.18214198272408,Stressed
278.33954055292884,0,50.64046624774246,Stressed
203.08525166180084,0,43.66532368790948,Stressed
259.2351418551019,0,31.061618389336193,Stressed
132.9344933194958,0,64.28048813999618,Stressed
160.9050929545266,0,53.027927542690776,Stressed
119.19541891654521,0,55.620927525424904,Stressed
96.06112368183682,0,31.844577070000007,Stressed
297.9768725415764,0,64.83843864086322,Stressed
215.0153622137973,0,53.97656895611078,Stressed
86.41524256662635,0,40.35020878484379,Stressed
94.94544000148679,0,65.17823783849681,Stressed
128.46493783859395,0,42.47734948484015,Stressed
164.84913458059714,0,48.33251907032555,Stressed
84.53061913450301,0,63.92768640293828,Stressed
179.1835641604015,0,66.00980566421731,Stressed
98.46536593495668,0,56.04381575486365,Stressed
162.55965035200222,0,48.606262163687376,Stressed
101.70579597108443,0,39.119868714544474,Stressed
219.46884280026998,0,31.78778134158692,Stressed
101.49376915157333,0,37.527194314899916,Stressed
246.41678489511,0,64.52588150055038,Stressed
59.388837298241306,0,34.92531029248769,Stressed
248.22166931744374,0,54.9724487189389,Stressed
204.8785274967028,0,66.19568607101428,Stressed
165.78382674255366,0,36.25094868325258,Stressed
190.19923721212663,0,57.638658110931544,Stressed
100.51043470961011,0,66.33265510702417,Stressed
176.71071591701906,0,46.150881900443046,Stressed
72.38431816211076,0,65.42431738418634,Stressed
264.1712702000344,0,51.50574271657544,Stressed
211.6596159505343,0,60.352016061661104,Stressed
181.07587236429526,0,30.107225885793632,Stressed
67.14179574539823,0,65.78043173337912,Stressed
263.23137427022095,0,43.70695468155062,Stressed
156.4084772667435,0,42.63163475836491,Stressed
192.74406481578328,0,41.41417954925713,Stressed
134.8276083119772,0,37.06506685788614,Stressed
282.36660669928654,0,48.27032358700558,Stressed
132.3059367714008,0,47.42549255689518,Stressed
104.29668253055584,0,31.350076521545137,Stressed
213.48553321031457,0,41.156270205929815,Stressed
166.5822460637914,0,48.79074706152461,Stressed
54.489638277169554,0,55.25324279573353,Stressed
214.4294266041278,0,36.41137548680044,Stressed
88.47219545143116,0,44.348941253246934,Stressed
228.51700582952287,0,43.50542986574264,Stressed
291.6088914474937,0,67.29660257209997,Stressed
259.82099104418376,0,50.986898710450234,Stressed
270.9385030781844,0,43.64965999578171,Stressed
231.1869052270169,0,67.9843497965083,Stressed
227.18246555954985,0,46.786582692237815,Stressed
114.3204499411677,0,62.7937797367367,Stressed
118.13893458554982,0,36.14276114451159,Stressed
53.14550709738343,0,32.89956510612892,Stressed
234.6525848227765,0,62.50308406040577,Stressed
229.6746355941395,0,35.90792324072086,Stressed
96.86835231077745,0,51.72791895787492,Stressed
270.18442277467244,0,32.07411168731072,Stressed
94.15062950004238,0,39.641093938828774,Stressed
82.8901832635907,0,32.08658004091384,Stressed
126.40139166477857,0,43.26143739286512,Stressed
257.6803597839546,0,65.09034569501657,Stressed
266.78715875434,0,62.3754205931511,Stressed
132.74281495982456,0,63.25257908854536,Stressed
177.53416629199273,0,40.60052726354969,Stressed
149.4706603438575,0,33.2117320435863,Stressed
136.27062970707192,0,54.48819708986976,Stressed
218.69161666382976,0,49.75155961137242,Stressed
290.9664998689407,0,47.90489120628137,Stressed
238.43968311361175,0,41.93773577573381,Stressed
155.45351455644004,0,35.40276057869331,Stressed
163.63338004690732,0,38.5770550513841,Stressed
86.27544679263991,0,39.57377757169425,Stressed
154.4532167963564,0,59.48240815232005,Stressed
181.80463706683778,0,53.356848157197035,Stressed
109.99643832718343,0,50.195774480990245,Stressed
177.4493673547437,0,48.974234969395525,Stressed
179.4145637267885,0,46.21608480156881,Stressed
280.2040735020646,0,66.59310249100764,Stressed
223.20190414035432,0,56.11866418190729,Stressed
243.7903187964671,0,64.85287947440841,Stressed
118.19150118057956,0,37.25627644218142,Stressed
111.17442809722681,0,51.911882089627674,Stressed
254.11257468540074,0,39.7982493819108,Stressed
104.08122910194797,0,38.709231407943975,Stressed
192.36303998690644,0,38.396482701649624,Stressed
176.84689058754765,0,37.90615109691159,Stressed
69.51414658185968,0,30.121799308843713,Stressed
228.83687041945325,0,55.26526487170247,Stressed
250.32074257387856,0,47.907033242612584,Stressed
78.62355427010462,0,43.267712644564526,Stressed
206.24418162866155,0,59.56253748440142,Stressed
164.26310128516815,0,66.53044265178968,Stressed
117.09628983980589,0,42.82572524317375,Stressed
75.59370050039888,0,52.2951390936843,Stressed
170.77097328221765,0,58.714878271300286,Stressed
71.34456968037756,0,30.853741264208956,Stressed
136.63393050768104,0,60.36729543810684,Stressed
73.89837498408167,0,69.23006677594341,Stressed
55.0007990765773,0,42.07600242395576,Stressed
65.31949414443484,0,45.56943993010671,Stressed
131.15187462009638,0,59.595275783819915,Stressed
84.22581531422409,0,64.4213402635197,Stressed
81.22215967981093,0,64.76127887366756,Stressed
225.12612826996914,0,51.24243701875725,Stressed
200.33522107298114,0,51.633610088500305,Stressed
51.622328728024755,0,40.66692640127775,Stressed
249.19767842487272,0,40.92866328070163,Stressed
73.21832675551452,0,64.94734172419717,Stressed
253.44780768846223,0,44.89453276544334,Stressed
56.966771399938956,0,56.36583533752877,Stressed
202.5597662789768,0,32.85584993487939,Stressed
205.39425225476717,0,41.18102829136086,Stressed
261.1574307082234,0,58.880954269924274,Stressed
261.50317410924936,0,34.989534076717845,Stressed
155.94848960083624,0,40.94298257086105,Stressed
223.28124632715935,0,61.65814842800317,Stressed
79.93179316695759,0,65.9047024319448,Stressed
223.61026961592523,0,47.53319715214774,Stressed
175.44127129373652,0,46.381954113181806,Stressed
119.29907899720585,0,35.29829249280441,Stressed
172.36062547680694,0,33.57867827135607,Stressed
244.78400556980804,0,43.578906377444184,Stressed
256.91062321265616,0,35.65303349523044,Stressed
71.62941651507904,0,42.80570271654167,Stressed
101.22427666671234,0,56.67407223301211,Stressed
291.49921039166736,0,63.734705178221574,Stressed
73.45668177071589,0,37.45184296622807,Stressed
50.044085748713066,0,42.94074173078293,Stressed
190.9728700852053,0,47.9730213494807,Stressed
215.6177742654955,0,39.78894032319489,Stressed
146.50220792143654,0,43.49807321276591,Stressed
57.71381902034621,0,49.809856995565475,Stressed
203.43295661938896,0,38.680187739564744,Stressed
108.03013575841516,0,56.343799692200896,Stressed
68.44370851750062,0,60.37189353496351,Stressed
192.60594259768197,0,55.34492313466598,Stressed
95.93588922603669,0,69.50590253043657,Stressed
239.35805043305115,0,55.98918933970115,Stressed
102.37588133636662,0,54.4973318077753,Stressed
250.34114376311186,0,65.37596084676869,Stressed
121.4881815790979,0,55.78984300751489,Stressed
299.84644045163844,0,37.76633726659255,Stressed
249.20013970421712,0,67.80654492532867,Stressed
145.03116801252435,0,43.30947969412689,Stressed
245.33767556127734,0,58.23018921213766,Stressed
196.8792644875655,0,37.99761038850384,Stressed
191.60922598512704,0,56.735425470675565,Stressed
121.68255215619607,0,31.59014444874069,Stressed
260.1812954074784,0,52.91984600303503,Stressed
95.76918474731734,0,59.571539245430884,Stressed
208.11827718457417,0,35.10275479756514,Stressed
239.47001643363654,0,59.47073168317017,Stressed
208.11584522020365,0,45.56707919742445,Stressed
240.25234425127962,0,65.05576736495645,Stressed
202.67636438591555,0,64.38490779932926,Stressed
118.80582737052634,0,49.48567513005133,Stressed
275.9171916293263,0,65.4126556739969,Stressed
263.2286784256021,0,46.7830318266098,Stressed
60.60085358110288,0,47.492922782719006,Stressed
100.87850434992278,0,43.59570734051836,Stressed
234.1986030213429,0,41.416189237329675,Stressed
266.43891494317336,0,56.48790443618742,Stressed
95.57105706894609,0,56.36946002661199,Stressed
233.1349579576922,0,39.67822942280946,Stressed
234.0369249445259,0,49.21878599144556,Stressed
272.25823308305655,0,47.266540511468875,Stressed
204.61056915421267,0,61.853795953665,Stressed
207.64843983260704,0,51.8328619577823,Stressed
61.24984947262955,0,32.81771600586055,Stressed
266.9220950333766,0,48.37282315001367,Stressed
276.8694574357585,0,52.43439299874557,Stressed
137.2947672813664,0,49.93268412992907,Stressed
146.8686435243792,0,55.335901576705176,Stressed
55.692939613198305,0,49.68675760459479,Stressed
188.42485288174174,0,41.62261072455648,Stressed
74.39690040178941,0,67.63443496050603,Stressed
226.7318633776218,0,51.778292537769076,Stressed
234.90121534299206,0,35.66905316398918,Stressed
259.92746950270384,0,40.86627076167275,Stressed
271.66065397809894,0,37.18809502490545,Stressed
165.27757833437974,0,66.14098485569579,Stressed
113.00444171637696,0,57.732430770813224,Stressed
84.11285749727003,0,55.35083841577781,Stressed
101.80698760686374,0,45.10485019943865,Stressed
144.41412833046974,0,68.12410601289201,Stressed
175.05056987111334,0,37.406852910858575,Stressed
97.25388914975522,0,50.70379499007083,Stressed
51.19641201506898,0,58.865076206389794,Stressed
55.75456346829442,0,35.60864364094213,Stressed
184.138522528246,0,68.05874139785323,Stressed
167.09860985133392,0,45.33631376010328,Stressed
260.18469992991913,0,36.05159298864525,Stressed
81.56146599521372,0,67.50834435964198,Stressed
177.73392277424335,0,31.44829889793951,Stressed
72.19691166994139,0,62.07049871767791,Stressed
196.88552696657098,0,46.7681258082534,Stressed
267.7546892535595,0,42.457300945144304,Stressed
152.68763766870399,0,39.86941167956263,Stressed
267.0881614117463,0,35.88194853696824,Stressed
282.10407777177863,0,69.0264592952037,Stressed
169.16092892177045,1,376.0934338711611,Sad
60.4777594894499,3,275.41767418901566,Sad
240.81319743677525,5,234.78063275147198,Sad
268.18318001302066,2,388.0275115757986,Sad
235.43044854652317,1,361.3620124760479,Sad
80.79981612875515,5,396.543863156596,Sad
210.01070175998584,1,249.1964799734372,Sad
230.4937654686619,1,248.5472705674655,Sad
235.7813197787429,4,350.5834333885351,Sad
290.5998478728427,3,353.71282602139627,Sad
131.61062726722497,2,242.4986226605093,Sad
215.16057720023832,5,378.01477856900044,Sad
216.48015940921613,6,246.93243539010237,Sad
142.5405533667655,0,281.18440251926745,Sad
184.72831508275308,5,208.27794392955448,Sad
60.581415120782005,6,366.24807340082464,Sad
62.85956037743236,0,226.20565031184609,Sad
225.37612855503048,2,334.5430298084044,Sad
165.40131301930052,5,377.96578363930126,Sad
130.53002779572327,5,380.54329543316464,Sad
70.39365445294348,0,310.1089372624362,Sad
113.25905403143808,2,317.36553259769437,Sad
108.1277871236172,3,249.2426589094894,Sad
224.86469065685378,4,301.33734196477417,Sad
284.11252408943176,3,387.8501365962444,Sad
97.42355648009223,1,253.3121793997288,Sad
102.65850524409979,2,399.0629097804988,Sad
265.7067729865363,2,244.37102756860838,Sad
175.35112328467574,1,264.1636226115211,Sad
143.8328150477429,3,332.0209701709249,Sad
102.55263438122032,6,376.51433319410154,Sad
71.28279808766126,5,285.1184415405743,Sad
230.72445702417872,1,307.3997970343958,Sad
55.13804576600485,4,298.23989342463244,Sad
121.49670056175428,6,341.2911939400657,Sad
280.84910965528036,3,225.8260288962981,Sad
181.24299862962718,0,240.66398718608755,Sad
236.06016173478267,3,391.10595086499245,Sad
249.47314555840663,5,206.89646802625083,Sad
78.25179197517517,0,298.3588287636506,Sad
223.76987925087352,2,204.23760517469404,Sad
161.1991720515378,4,302.7631038426494,Sad
195.60865334071156,4,378.38609339418053,Sad
122.66062743835403,4,342.05391974141503,Sad
254.76993093042577,1,208.50823872976443,Sad
75.81363294196495,0,234.77339025435072,Sad
245.03784893657243,1,380.4403398001125,Sad
137.37656615744535,1,285.3865846287541,Sad
96.98182023028028,0,397.5430013335803,Sad
155.38009254662472,3,378.663244566431,Sad
134.45406890578852,3,386.0675209893077,Sad
91.19569728468592,2,232.44427647215886,Sad
233.06528457485942,4,333.8207783317153,Sad
209.69972408138327,0,269.5590321323138,Sad
160.72916275082332,0,205.77131044135453,Sad
149.279744623932,0,248.57413215318977,Sad
146.45928203744106,4,382.7449336347321,Sad
176.18810731857684,2,276.48058019953913,Sad
174.2284680899017,1,247.76456890391302,Sad
128.11543560364163,1,219.10131622063017,Sad
108.7364538787827,4,271.2487778562211,Sad
147.4895827144217,0,366.1579273728532,Sad
132.06251536342506,0,385.268601488182,Sad
141.48040903088804,4,386.3157131456954,Sad
79.97238621378969,1,342.81107741099413,Sad
157.8146440425478,3,333.9021262059975,Sad
94.97037204869703,5,289.57028234782683,Sad
179.21105049564142,1,229.52227004677272,Sad
138.94771401988356,2,355.79727833656125,Sad
235.71889046551317,6,275.74898191282847,Sad
195.01819086113602,3,210.32187255390633,Sad
102.49482565295588,3,391.00433851051423,Sad
152.64076311163356,1,220.32950456002135,Sad
145.8025825057286,4,217.2672695971023,Sad
135.92381099237562,0,319.7696020153566,Sad
95.58793495778312,3,371.97076424210616,Sad
259.1033444986192,4,243.98584445275054,Sad
69.0109213658449,5,321.62185009440384,Sad
199.37650145477403,2,208.2589830041245,Sad
113.55756775471441,1,232.63574949532816,Sad
80.14316142423392,0,377.09143981076267,Sad
116.8744481045829,1,238.87498262292368,Sad
91.49531297104627,5,266.31148619726,Sad
127.29347223637353,0,328.7396122945105,Sad
266.92516739094367,6,266.9009037346491,Sad
56.468802286259816,6,272.50830908804676,Sad
248.22123299570535,6,351.90884273117786,Sad
55.286047296972406,2,364.96643783327374,Sad
111.56628698834166,3,312.2900074998227,Sad
148.96449776773898,4,363.32651015343544,Sad
83.39601936640402,5,239.88159037968126,Sad
145.1374713687817,2,270.1319544906889,Sad
51.47063116826276,6,207.76578903146162,Sad
270.74503966724455,5,284.10723675600036,Sad
57.542079601464444,6,364.10884847830073,Sad
270.7327500343774,2,394.0468662521504,Sad
262.54096863595703,1,285.77695608698605,Sad
87.80447646153499,3,251.28620995051244,Sad
256.47212920308465,3,397.7817127299845,Sad
265.76691111915454,6,360.3344590532578,Sad
78.41262722121132,6,200.26943130857128,Sad
115.21911954815133,3,221.23092035980568,Sad
51.94031606449638,6,348.23954190124493,Sad
88.6360397153185,1,325.73802186804323,Sad
237.81246706494645,4,335.73045672100466,Sad
294.58703155065086,6,352.97606313203755,Sad
283.65627102889744,1,206.24180231308426,Sad
278.60377185353343,3,398.847050348127,Sad
82.41295743163954,0,224.55449604592098,Sad
219.5803082429793,4,282.17103645887465,Sad
202.41264109026312,3,342.5502517669881,Sad
198.68840655384645,3,319.55808558417715,Sad
66.96324349768116,1,396.78591960229824,Sad
286.3485021377963,2,207.70498656627075,Sad
166.21905208165603,4,342.22089176407803,Sad
203.1707196882563,2,313.90037189937914,Sad
77.93592248143543,2,344.74036036594237,Sad
288.9725107821157,1,227.79369508411955,Sad
260.4760295648165,4,350.52890940972105,Sad
186.25621910572062,4,263.2716712870234,Sad
280.66365880159344,1,307.4707842261556,Sad
243.28181898801245,4,224.34093110662337,Sad
266.52726664786303,0,262.53751053354694,Sad
210.11350016334268,1,250.48062291785908,Sad
159.29517551296777,3,371.80824662100105,Sad
166.95958216934326,4,303.14242247857226,Sad
177.72406058920973,1,205.4350590073365,Sad
245.74545886412352,6,243.998560151765,Sad
262.3696643485132,2,246.77573431797134,Sad
258.4911093831027,1,315.8849787958148,Sad
51.86849966510569,0,377.6713125546814,Sad
132.6693865417639,1,255.60056824290098,Sad
280.4150979521228,3,288.36049423596114,Sad
137.4861907034309,1,239.68015378212738,Sad
199.55658186562587,6,216.1882792657527,Sad
53.71026390375004,6,388.1670475455618,Sad
224.63899801882414,2,281.1513086262779,Sad
125.90175323647244,5,372.57060945675266,Sad
107.38875583211161,3,356.1299827021549,Sad
200.95926066210936,5,328.28026372984834,Sad
169.5007394409039,3,228.69158204588126,Sad
54.345897064030105,1,347.88086563672647,Sad
193.86500620272054,4,259.54443414785567,Sad
114.26037379317623,4,261.375263744583,Sad
197.74396505361491,6,291.18670820972665,Sad
206.98640774696847,5,201.78705167700716,Sad
290.3429924581625,4,243.56979267366555,Sad
124.46290977193027,3,327.2278471686726,Sad
255.14350431557926,3,367.46557797966545,Sad
255.47684385374788,0,202.6715393399962,Sad
95.4010633191983,2,397.95445257655524,Sad
254.08005524524953,5,339.62477840462697,Sad
83.63654478076108,0,293.1666201008132,Sad
64.16212327976532,0,350.7432954519495,Sad
266.66808629116326,3,224.54641304368423,Sad
137.32582693837134,1,227.17492770199758,Sad
104.2514151269966,1,218.3172143586921,Sad
280.495145335826,4,302.46929839762083,Sad
186.99680622832457,1,329.99068625056793,Sad
55.365198665940596,4,283.8234278172599,Sad
87.23145108608789,1,303.84454415750463,Sad
113.70178743331486,2,285.0591350661,Sad
289.2061289595713,0,207.14963701491595,Sad
254.78550715246138,4,399.6749951739083,Sad
257.18263090477683,5,397.6495038103965,Sad
234.2465058449887,0,252.9189598526579,Sad
242.18852541991046,1,270.36854384732317,Sad
229.38606671138166,5,203.9325719404997,Sad
51.44783107054563,6,228.17469273820396,Sad
97.25842694609139,5,263.25050862102387,Sad
55.463286437692446,4,277.53048621001034,Sad
79.70974160823661,4,254.59634554377783,Sad
242.63430709653386,6,383.7607434650514,Sad
168.62973487779058,1,398.84035004565374,Sad
245.90801346442746,6,296.0697235811876,Sad
206.67591015181824,3,207.04319826128173,Sad
75.46061686305254,0,211.25829271790587,Sad
229.96345047395306,0,328.3828076533214,Sad
136.6308978828347,1,327.76924026003394,Sad
291.86510200582927,6,331.19981238278535,Sad
85.8054613141237,3,223.12662141920183,Sad
157.5098231546844,3,256.3163964919436,Sad
53.167525135392864,0,235.21228285962823,Sad
119.51005957656412,2,226.14851917385388,Sad
214.81962819925073,0,296.74077291825625,Sad
93.645124750886,0,300.58078894755477,Sad
88.20416480384225,4,226.31359828110246,Sad
53.16250238984617,0,390.4558157246927,Sad
246.27243942775294,1,385.8668006595466,Sad
236.59902844388662,2,311.2755034885663,Sad
122.86059633104436,1,281.10289645971517,Sad
212.97910778416573,4,286.84034223817264,Sad
178.163329251638,5,298.30955353829523,Sad
130.20826644260987,2,291.5097767658765,Sad
280.29062996513585,4,365.51650327621434,Sad
257.14301861440765,2,269.18282223012494,Sad
170.5929192150224,4,352.70832147156807,Sad
170.62594189946975,3,294.88662981655006,Sad
243.45068149019534,6,264.8674088648509,Sad
98.22265039397973,5,224.77615312564578,Sad
65.87702487770437,2,349.53629064112164,Sad
121.69779064893109,1,303.8557957622379,Sad
106.5769504573273,3,307.3368735999048,Sad
267.4266996529815,1,364.8312525381815,Sad
60.07505726132371,1,300.5925807897886,Sad
282.07820080853503,0,371.07634380234117,Sad
158.0060904110702,2,368.2158762339378,Sad
74.08131194605897,6,250.86273955301078,Sad
204.47000095416547,4,221.39737421270559,Sad
158.30152320086614,2,280.7956623661462,Sad
88.9735151018998,3,235.09239058409844,Sad
112.01482016168313,1,220.04846817911744,Sad
87.89828399424333,1,281.48645741527133,Sad
59.624605574214684,0,307.7975976750505,Sad
105.24252118540488,4,310.829830922216,Sad
133.51705821298714,4,266.74255940059743,Sad
172.07824356074437,1,336.52841884136467,Sad
184.90833462772358,4,353.20746845552816,Sad
70.59235278013627,3,333.8509830180601,Sad
74.80193964072794,5,370.637676062552,Sad
257.90774991196946,4,266.0680655002111,Sad
91.22671001182462,4,398.2362120069097,Sad
171.7815267434754,4,316.8414986993915,Sad
111.47315361565528,3,393.7585073083796,Sad
92.94038106346603,4,321.44206103489233,Sad
213.49776833142116,1,335.361680292909,Sad
158.37371011679807,5,310.89341872279635,Sad
254.133922428678,0,317.18102772454915,Sad
277.01144553055053,5,261.37738336290306,Sad
88.1424995263979,3,201.5707348597982,Sad
137.6953173361316,4,226.96764623945808,Sad
87.28894194168747,5,325.8930291672649,Sad
233.7711536238438,1,287.69266303382807,Sad
53.47684125147632,5,272.64411445293274,Sad
280.0803065009986,2,371.93107036826206,Sad
211.68899853534134,4,314.2260777950332,Sad
218.12846439909111,4,202.93899461011802,Sad
250.02924418097632,2,257.19990239197404,Sad
93.09043273580366,1,367.7277371945337,Sad
163.01830046298102,2,287.21820651582505,Sad
256.2868842187334,6,375.914380027122,Sad
128.32582916218684,5,342.53501413647507,Sad
100.51416571418562,3,321.36824134407124,Sad
77.5017364557958,1,261.2484863966424,Sad
259.84391542108335,1,307.3082758594803,Sad
209.49548235580878,2,225.3640175343537,Sad
242.5618964112257,2,246.49937749759442,Sad
161.5676253734673,0,259.7326592370816,Sad
114.67156382686632,1,287.825469388643,Sad
249.14987945604747,5,259.2935834846863,Sad
